OriginalCompanyName,CleanedCompanyName,Status,Timestamp,Score
artielle/c.,artielle/c.,not found in KBO data table,2024-12-24 14:52:14,2
paulca sprl,paulca,ENT LP Stopped,2024-12-24 14:52:31,5
peeters/joseph,peeters/joseph,not found in KBO data table,2024-12-24 14:52:48,2
fiducial expertise,fiducial expertise,EU Stopped,2024-12-24 14:53:05,5
faja lobi,faja lobi,ENT LP Active,2024-12-24 14:53:22,1
fondation pour l'architecture,fondation pour l'architecture,not found in KBO data table,2024-12-24 14:53:38,2
dialogic sa [dialogic s.a.],dialogic sa [dialogic s.a.],not found in KBO data table,2024-12-24 14:53:54,2
cambier d,cambier d,not found in KBO data table,2024-12-24 14:54:10,2
gun productions bvba,gun productions,ENT LP Active,2024-12-24 14:54:27,1
konica minolta business solutions (belgium) nv,konica minolta business solutions (belgium),EU Active,2024-12-24 14:54:43,1
dethier b sa,dethier b sa,not found in KBO data table,2024-12-24 14:54:59,2
demeestere rik,demeestere rik,not found in KBO data table,2024-12-24 14:55:15,2
briffaerts bvba,briffaerts,ENT LP Stopped,2024-12-24 14:55:32,5
notteboom/sofie,notteboom/sofie,not found in KBO data table,2024-12-24 14:55:48,2
dams alex bvba [dams alex chape-industrievloeren],dams alex  [dams alex chape-industrievloeren],not found in KBO data table,2024-12-24 14:56:04,2
kapas bvba,kapas,EU Active,2024-12-24 14:56:21,1
mto [m.t.o.],mto [m.t.o.],not found in KBO data table,2024-12-24 14:56:37,2
raes d,raes d,not found in KBO data table,2024-12-24 14:56:54,2
charlier tuinen bvba,charlier tuinen,ENT LP Active,2024-12-24 14:57:10,1
serafino decoratie bvba,serafino decoratie,ENT LP Active,2024-12-24 14:57:26,1
ceulenaere,ceulenaere,not found in KBO data table,2024-12-24 14:57:43,2
pm zeefdruk,pm zeefdruk,EU Active,2024-12-24 14:57:59,1
beauty spot (the),beauty spot (the),not found in KBO data table,2024-12-24 14:58:15,2
s.v.t. bvba,s.v.t.,ENT LP Active,2024-12-24 14:58:31,1
activeidea sa,activeidea sa,not found in KBO data table,2024-12-24 14:58:48,2
rifo bvba,rifo,ENT LP Active,2024-12-24 14:59:04,1
bulcke p,bulcke p,not found in KBO data table,2024-12-24 14:59:20,2
garden sides,garden sides,EU Stopped,2024-12-24 14:59:36,5
bs parts,bs parts,not found in KBO data table,2024-12-24 14:59:53,2
stoa [stoa nv],stoa [stoa ],not found in KBO data table,2024-12-24 15:00:09,2
nijs/steven,nijs/steven,not found in KBO data table,2024-12-24 15:00:26,2
ubca,ubca,not found in KBO data table,2024-12-24 15:00:43,2
van de pol,van de pol,not found in KBO data table,2024-12-24 15:01:02,2
nextage,nextage,ENT LP Active,2024-12-24 15:01:18,1
medata nv,medata,ENT LP Stopped,2024-12-24 15:01:35,5
orangette (l'),orangette (l'),not found in KBO data table,2024-12-24 15:01:51,2
exelmans kristof,exelmans kristof,not found in KBO data table,2024-12-24 15:02:07,2
jmp cars,jmp cars,not found in KBO data table,2024-12-24 15:02:24,2
publi dema bvba,publi dema,ENT LP Active,2024-12-24 15:02:40,1
vervaeke,vervaeke,not found in KBO data table,2024-12-24 15:02:58,2
lemoine belgium nv,lemoine belgium,ENT LP Stopped,2024-12-24 15:03:15,5
impaco,impaco,ENT LP Stopped,2024-12-24 15:03:32,5
transunie,transunie,ENT LP Stopped,2024-12-24 15:03:48,5
vlaamse judofederatie vzw,vlaamse judofederatie,EU Active,2024-12-24 15:04:04,1
international lashing systems nv [international lashing systems - maritime consolidators belgium],international lashing systems  [international lashing systems - maritime consolidators belgium],not found in KBO data table,2024-12-24 15:04:21,2
promelek,promelek,not found in KBO data table,2024-12-24 15:04:37,2
rivi?ra b bvba,rivi?ra b,not found in KBO data table,2024-12-24 15:04:54,2
ickx design,ickx design,EU Active,2024-12-24 15:05:10,1
thys f & j,thys f & j,not found in KBO data table,2024-12-24 15:05:26,2
cowa europe,cowa europe,ENT LP Active,2024-12-24 15:05:42,1
cem container barging nv,cem container barging,EU Active,2024-12-24 15:05:59,1
marissens kantoor,marissens kantoor,not found in KBO data table,2024-12-24 15:06:14,2
bureau no?l,bureau no?l,error,N/A,2
d'hondt geert,d'hondt geert,error,N/A,2
maison des jeunes,maison des jeunes,error,N/A,2
dimitex diffusion sprl,dimitex diffusion,error,N/A,2
verstraete philip,verstraete philip,not found in KBO data table,2024-12-24 15:10:37,2
b & s projects bvba,b & s projects,EU Active,2024-12-24 15:10:53,1
nathalie's trimsalon,nathalie's trimsalon,EU Active,2024-12-24 15:11:09,1
rrco,rrco,ENT LP Stopped,2024-12-24 15:11:25,5
veys m,veys m,error,N/A,2
trucaroul nv,trucaroul,not found in KBO data table,2024-12-24 15:12:43,2
panos,panos,EU Active,2024-12-24 15:12:59,1
pommereul e,pommereul e,not found in KBO data table,2024-12-24 15:13:16,2
babymoov,babymoov,not found in KBO data table,2024-12-24 15:13:31,2
nasim,nasim,ENT LP Stopped,2024-12-24 15:13:48,5
hall 78 sa,hall 78 sa,not found in KBO data table,2024-12-24 15:14:04,2
beerens alain sprl,beerens alain,ENT LP Stopped,2024-12-24 15:14:20,5
pro-steam bvba,pro-steam,ENT LP Active,2024-12-24 15:14:36,1
cabinet d'avocats glaude,cabinet d'avocats glaude,error,N/A,2
chocofino bvba,chocofino,ENT LP Active,2024-12-24 15:15:53,1
turi carrelages sprl,turi carrelages,not found in KBO data table,2024-12-24 15:16:09,2
de vogeleer nv,de vogeleer,not found in KBO data table,2024-12-24 15:16:26,2
forlan 3 sprl,forlan 3,error,N/A,2
goosens/michael,goosens/michael,error,N/A,2
carron bjoke,carron bjoke,error,N/A,2
daemshof,daemshof,error,N/A,2
mallinder l,mallinder l,error,N/A,2
9g,9g,error,N/A,2
piercy/vivien,piercy/vivien,error,N/A,2
la bonne bouteille sprl,la bonne bouteille,error,N/A,2
bovan bvba,bovan,error,N/A,2
g-interieur bvba,g-interieur,error,N/A,2
syndicat d'initiative,syndicat d'initiative,error,N/A,2
prefa-eddy roosen,prefa-eddy roosen,error,N/A,2
vermoortele/et,vermoortele/et,error,N/A,2
prognoz europe sprl,prognoz europe,ENT LP Stopped,2024-12-24 15:29:59,5
bonobo apart hotel bvba,bonobo apart hotel,ENT LP Active,2024-12-24 15:30:16,1
langers kris bvba,langers kris,not found in KBO data table,2024-12-24 15:30:32,2
folders bedeling bvba,folders bedeling,ENT LP Stopped,2024-12-24 15:30:48,5
van gucht/nicole,van gucht/nicole,not found in KBO data table,2024-12-24 15:31:04,2
prestone,prestone,ENT LP Stopped,2024-12-24 15:31:20,5
rotexco nv,rotexco,ENT LP Stopped,2024-12-24 15:31:36,5
van den zegel/roger,van den zegel/roger,not found in KBO data table,2024-12-24 15:31:52,2
florair 3000 sa,florair 3000 sa,not found in KBO data table,2024-12-24 15:32:08,2
gueuffen d,gueuffen d,not found in KBO data table,2024-12-24 15:32:24,2
az st lucas brugge,az st lucas brugge,not found in KBO data table,2024-12-24 15:32:41,2
dakrubbercentrale bvba,dakrubbercentrale,ENT LP Active,2024-12-24 15:32:57,1
eurosol bvba,eurosol,ENT LP Stopped,2024-12-24 15:33:13,5
noa productions sprl,noa productions,ENT LP Active,2024-12-24 15:33:29,1
cieffe benelux bvba,cieffe benelux,not found in KBO data table,2024-12-24 14:52:14,2
detraux l,detraux l,not found in KBO data table,2024-12-24 14:52:32,2
mertens/jozef,mertens/jozef,not found in KBO data table,2024-12-24 14:52:50,2
flahy h,flahy h,not found in KBO data table,2024-12-24 14:53:08,2
gunst/leocadie,gunst/leocadie,not found in KBO data table,2024-12-24 14:53:26,2
bloemenrijk bvba,bloemenrijk,ENT LP Stopped,2024-12-24 14:53:42,5
altemp nv,altemp,ENT LP Active,2024-12-24 14:53:58,1
jgi-computers,jgi-computers,EU Stopped,2024-12-24 14:54:15,5
investigus agency,investigus agency,EU Stopped,2024-12-24 14:54:31,5
van de velde/s.,van de velde/s.,not found in KBO data table,2024-12-24 14:54:47,2
"kinderwerking ""'t dokske""","kinderwerking ""'t dokske""",not found in KBO data table,2024-12-24 14:55:03,2
te voet,te voet,not found in KBO data table,2024-12-24 14:55:20,2
simons s.,simons s.,not found in KBO data table,2024-12-24 14:55:38,2
verbiest c,verbiest c,not found in KBO data table,2024-12-24 14:55:54,2
van damme/petra,van damme/petra,not found in KBO data table,2024-12-24 14:56:10,2
gesves.com,gesves.com,EU Active,2024-12-24 14:56:27,1
rugtier l,rugtier l,not found in KBO data table,2024-12-24 14:56:43,2
sellerie de waimes,sellerie de waimes,EU Active,2024-12-24 14:56:59,1
verbist/paul,verbist/paul,not found in KBO data table,2024-12-24 14:57:15,2
a.f. security,a.f. security,EU Stopped,2024-12-24 14:57:31,5
bloemenkorf (de),bloemenkorf (de),not found in KBO data table,2024-12-24 14:57:48,2
rolly/johan,rolly/johan,not found in KBO data table,2024-12-24 14:58:04,2
interact consultancy,interact consultancy,ENT LP Stopped,2024-12-24 14:58:20,5
rob,rob,not found in KBO data table,2024-12-24 14:58:38,2
theunis/d.,theunis/d.,not found in KBO data table,2024-12-24 14:58:55,2
transluben sprl,transluben,ENT LP Active,2024-12-24 14:59:11,1
herman/jozef,herman/jozef,not found in KBO data table,2024-12-24 14:59:27,2
la couronne [aannemingsbedrijf la couronne],la couronne [aannemingsbedrijf la couronne],not found in KBO data table,2024-12-24 14:59:43,2
lescrauwaet,lescrauwaet,not found in KBO data table,2024-12-24 14:59:59,2
bernister (le) sa,bernister (le) sa,not found in KBO data table,2024-12-24 15:00:16,2
de braekeleer karen,de braekeleer karen,not found in KBO data table,2024-12-24 15:00:32,2
suetens filip,suetens filip,not found in KBO data table,2024-12-24 15:00:48,2
slabbinck s,slabbinck s,not found in KBO data table,2024-12-24 15:01:04,2
benali/mohammed,benali/mohammed,not found in KBO data table,2024-12-24 15:01:20,2
de paepe/liesbeth,de paepe/liesbeth,not found in KBO data table,2024-12-24 15:01:37,2
cartopack nv,cartopack,EU Active,2024-12-24 15:01:52,1
conceptelec,conceptelec,EU Stopped,2024-12-24 15:02:09,5
hanson aggregates belgium nv,hanson aggregates belgium,ENT LP Stopped,2024-12-24 15:02:25,5
stickelmann,stickelmann,not found in KBO data table,2024-12-24 15:02:41,2
gouleh,gouleh,ENT LP Stopped,2024-12-24 15:02:58,5
just communication,just communication,ENT LP Active,2024-12-24 15:03:14,1
stockel sports,stockel sports,EU Stopped,2024-12-24 15:03:31,5
herremans/daniel,herremans/daniel,not found in KBO data table,2024-12-24 15:03:47,2
perneel champignons bvba,perneel champignons,not found in KBO data table,2024-12-24 15:04:03,2
art-toit sa,art-toit sa,not found in KBO data table,2024-12-24 15:04:20,2
pauwels/nancy,pauwels/nancy,not found in KBO data table,2024-12-24 15:04:37,2
bils exclusive travel bvba,bils exclusive travel,ENT LP Stopped,2024-12-24 15:04:54,5
van der borght,van der borght,not found in KBO data table,2024-12-24 15:05:12,2
sacrãâ©/b.,sacrãâ©/b.,not found in KBO data table,2024-12-24 15:05:29,2
ckc sprl,ckc,EU Stopped,2024-12-24 15:05:46,5
sentobin bvba,sentobin,ENT LP Active,2024-12-24 15:06:03,1
hulens engineering bvba,hulens engineering,ENT LP Stopped,2024-12-24 15:06:19,5
lorsom/marc,lorsom/marc,not found in KBO data table,2024-12-24 15:06:36,2
subliem bvba,subliem,ENT LP Stopped,2024-12-24 15:06:52,5
coppac,coppac,ENT LP Active,2024-12-24 15:07:08,1
bogimac engineering nv,bogimac engineering,EU Stopped,2024-12-24 15:07:24,5
cartovan bvba,cartovan,ENT LP Stopped,2024-12-24 15:07:40,5
high-performance,high-performance,not found in KBO data table,2024-12-24 15:07:56,2
search & selection bvba,search & selection,EU Active,2024-12-24 15:08:13,1
juvo bvba,juvo,ENT LP Active,2024-12-24 15:08:29,1
steurs-dockx,steurs-dockx,EU Active,2024-12-24 15:08:45,1
van garsse interieurs nv,van garsse interieurs,ENT LP Stopped,2024-12-24 15:09:01,5
don bosco,don bosco,not found in KBO data table,2024-12-24 15:09:18,2
final touch,final touch,ENT LP Stopped,2024-12-24 15:09:34,5
coup de poing,coup de poing,ENT LP Active,2024-12-24 15:09:51,1
digital data nv,digital data,ENT LP Active,2024-12-24 15:10:07,1
orthopedie van haesendonck nv,orthopedie van haesendonck,ENT LP Active,2024-12-24 15:10:23,1
delacroix/damien,delacroix/damien,error,N/A,2
bourgeois/jean-paul,bourgeois/jean-paul,not found in KBO data table,2024-12-24 15:11:41,2
wegrio bvba,wegrio,ENT LP Stopped,2024-12-24 15:11:58,5
mercatorfonds,mercatorfonds,ENT LP Active,2024-12-24 15:12:14,1
deba nv,deba,ENT LP Stopped,2024-12-24 15:12:30,5
food tendance bvba,food tendance,error,N/A,2
rehau nv,rehau,error,N/A,2
torck christof,torck christof,not found in KBO data table,2024-12-24 15:14:50,2
stegmann belgium,stegmann belgium,ENT LP Active,2024-12-24 15:15:07,1
bermalux bvba,bermalux,ENT LP Stopped,2024-12-24 15:15:23,5
de ceulaer/freddy,de ceulaer/freddy,not found in KBO data table,2024-12-24 15:15:39,2
tanghe gerdy bvba,tanghe gerdy,error,N/A,2
verstrynge chris,verstrynge chris,not found in KBO data table,2024-12-24 15:16:11,2
abi place,abi place,ENT LP Active,2024-12-24 15:16:27,1
club sa,club sa,not found in KBO data table,2024-12-24 15:16:48,2
quartefeuille sprl,quartefeuille,ENT LP Stopped,2024-12-24 15:17:04,5
similes-federatie vzw,similes-federatie,not found in KBO data table,2024-12-24 15:17:21,2
association belge des enseignants & pratiquants de yoga (a.b.e.p.y.),association belge des enseignants & pratiquants de yoga (a.b.e.p.y.),not found in KBO data table,2024-12-24 15:17:37,2
r.s.b.,r.s.b.,error,N/A,2
ceyssens/jack,ceyssens/jack,error,N/A,2
immo gevan nv,immo gevan,error,N/A,2
amadeus,amadeus,error,N/A,2
peeraer en co bvba,peeraer en co,error,N/A,2
publimax,publimax,error,N/A,2
scholen sanderus,scholen sanderus,error,N/A,2
pano reizen nv,pano reizen,error,N/A,2
watelet sprl,watelet,error,N/A,2
parameditheek juste raoul,parameditheek juste raoul,error,N/A,2
tonnelier,tonnelier,error,N/A,2
c.m.s. sa [senec],c.m.s. sa [senec],error,N/A,2
brabo cvba,brabo,EU Active,2024-12-24 15:30:10,1
tabor,tabor,not found in KBO data table,2024-12-24 15:30:27,2
gembloux finances sa,gembloux finances sa,not found in KBO data table,2024-12-24 15:30:43,2
ackerman bvba,ackerman,ENT LP Active,2024-12-24 14:52:15,1
the wine agency sprl,the wine agency,EU Active,2024-12-24 14:52:34,1
vebewar bvba,vebewar,ENT LP Stopped,2024-12-24 14:52:51,5
van den berghe/claude,van den berghe/claude,not found in KBO data table,2024-12-24 14:53:09,2
media 2000,media 2000,ENT LP Stopped,2024-12-24 14:53:27,5
european tech serv,european tech serv,ENT LP Stopped,2024-12-24 14:53:44,5
van den elsen stefaan,van den elsen stefaan,EU Active,2024-12-24 14:54:01,1
bouw begeleidings bureau bvba,bouw begeleidings bureau,ENT LP Active,2024-12-24 14:54:19,1
take off,take off,not found in KBO data table,2024-12-24 14:54:35,2
deweerdt/paul,deweerdt/paul,not found in KBO data table,2024-12-24 14:54:53,2
vanparijs-deschrijver,vanparijs-deschrijver,not found in KBO data table,2024-12-24 14:55:10,2
destrooper & partners bvba,destrooper & partners,ENT LP Active,2024-12-24 14:55:26,1
st-laureins,st-laureins,not found in KBO data table,2024-12-24 14:55:43,2
aragonite bvba,aragonite,ENT LP Stopped,2024-12-24 14:55:59,5
ms racing bvba,ms racing,ENT LP Active,2024-12-24 14:56:15,1
drakobosch,drakobosch,ENT LP Stopped,2024-12-24 14:56:31,5
parelmoer bvba,parelmoer,ENT LP Active,2024-12-24 14:56:47,1
vingt-deux-dix,vingt-deux-dix,not found in KBO data table,2024-12-24 14:57:03,2
qatar airways,qatar airways,EU Active,2024-12-24 14:57:19,1
ic distri,ic distri,not found in KBO data table,2024-12-24 14:57:35,2
schutters kurt,schutters kurt,EU Stopped,2024-12-24 14:57:52,5
oh ! la ! la ! boulangerie [oh] la] la] boulangerie sprl],oh ! la ! la ! boulangerie [oh] la] la] boulangerie ],not found in KBO data table,2024-12-24 14:58:08,2
l.d. motors bvba,l.d. motors,ENT LP Active,2024-12-24 14:58:25,1
meersman/marc,meersman/marc,not found in KBO data table,2024-12-24 14:58:41,2
siemens n.v.,siemens n.v.,not found in KBO data table,2024-12-24 14:58:58,2
gerard denis,gerard denis,not found in KBO data table,2024-12-24 14:59:15,2
baes/pierre,baes/pierre,not found in KBO data table,2024-12-24 14:59:31,2
alia consult,alia consult,not found in KBO data table,2024-12-24 14:59:47,2
opalgo systems,opalgo systems,EU Stopped,2024-12-24 15:00:03,5
gobien/willem,gobien/willem,not found in KBO data table,2024-12-24 15:00:19,2
anja,anja,ENT LP Stopped,2024-12-24 15:00:36,5
siemens n.v.,siemens n.v.,not found in KBO data table,2024-12-24 15:00:52,2
dumortier/marc,dumortier/marc,not found in KBO data table,2024-12-24 15:01:08,2
carte blanche sprl,carte blanche,EU Stopped,2024-12-24 15:01:25,5
stuur zelf bvba,stuur zelf,not found in KBO data table,2024-12-24 15:01:41,2
henrotte s,henrotte s,not found in KBO data table,2024-12-24 15:01:57,2
inventive telecom partners sa,inventive telecom partners sa,EU Active,2024-12-24 15:02:14,1
tui travelcenter [world of tui travelcenter],tui travelcenter [world of tui travelcenter],not found in KBO data table,2024-12-24 15:02:30,2
bebop bvba,bebop,ENT LP Stopped,2024-12-24 15:02:46,5
hdh & co,hdh & co,not found in KBO data table,2024-12-24 15:03:02,2
delvith [delvith ag],delvith [delvith ag],not found in KBO data table,2024-12-24 15:03:18,2
d'haene d,d'haene d,not found in KBO data table,2024-12-24 15:03:35,2
teknika,teknika,not found in KBO data table,2024-12-24 15:03:51,2
schollaert/kristof,schollaert/kristof,not found in KBO data table,2024-12-24 15:04:07,2
pro active,pro active,EU Stopped,2024-12-24 15:04:24,5
deprez d,deprez d,not found in KBO data table,2024-12-24 15:04:40,2
wallabie bvba,wallabie,ENT LP Stopped,2024-12-24 15:04:57,5
bap-asmb,bap-asmb,ENT LP Stopped,2024-12-24 15:05:13,5
optimal aircraft design sprl,optimal aircraft design,ENT LP Active,2024-12-24 15:05:30,1
blue island,blue island,ENT LP Active,2024-12-24 15:05:46,1
liegeois/marie-christine,liegeois/marie-christine,not found in KBO data table,2024-12-24 15:06:03,2
bols paul bvba,bols paul,ENT LP Active,2024-12-24 15:06:19,1
flanders catering,flanders catering,error,N/A,2
parton/bert,parton/bert,error,N/A,2
vesuvius group s.a.,vesuvius group s.a.,error,N/A,2
entraide & fraternitãâ© vivre ensemble,entraide & fraternitãâ© vivre ensemble,not found in KBO data table,2024-12-24 15:09:40,2
van cauwelaert p,van cauwelaert p,not found in KBO data table,2024-12-24 15:09:56,2
nrd design,nrd design,EU Active,2024-12-24 15:10:12,1
mannabis sprl,mannabis,ENT LP Stopped,2024-12-24 15:10:28,5
dubbel 8,dubbel 8,error,N/A,2
ljb bvba,ljb,ENT LP Active,2024-12-24 15:11:45,1
pc concept,pc concept,EU Stopped,2024-12-24 15:12:02,5
conteyor multibag systems nv,conteyor multibag systems,ENT LP Stopped,2024-12-24 15:12:18,5
eureka events sprl,eureka events,ENT LP Active,2024-12-24 15:12:34,1
gelati van houcke bvba,gelati van houcke,error,N/A,2
wysmans,wysmans,not found in KBO data table,2024-12-24 15:13:52,2
couwet l.,couwet l.,not found in KBO data table,2024-12-24 15:14:09,2
dodemont sa,dodemont sa,not found in KBO data table,2024-12-24 15:14:26,2
moerman marnix,moerman marnix,not found in KBO data table,2024-12-24 15:14:43,2
claude michel promotion sa,claude michel promotion sa,error,N/A,2
lara trans bvba,lara trans,ENT LP Active,2024-12-24 15:16:01,1
a.m.d.i.,a.m.d.i.,not found in KBO data table,2024-12-24 15:16:17,2
electro depauw bvba,electro depauw,ENT LP Active,2024-12-24 15:16:33,1
fievet v,fievet v,not found in KBO data table,2024-12-24 15:16:49,2
verjo metal bvba,verjo metal,error,N/A,2
oikonde antwerpen vzw,oikonde antwerpen,not found in KBO data table,2024-12-24 15:18:07,2
heremans/erwin,heremans/erwin,error,N/A,2
azet,azet,error,N/A,2
dayyeh company bvba,dayyeh company,error,N/A,2
a.f.m. new sa,a.f.m. new sa,error,N/A,2
kumps ets sprl,kumps ets,error,N/A,2
horizon l'immobili?re [horizon l'immobiliere],horizon l'immobili?re [horizon l'immobiliere],error,N/A,2
e c s bvba,e c s,error,N/A,2
lingerie fashion bvba,lingerie fashion,error,N/A,2
webkrea,webkrea,error,N/A,2
mega clean housing,mega clean housing,error,N/A,2
akeru,akeru,error,N/A,2
somei sa,somei sa,error,N/A,2
lamine/e.,lamine/e.,error,N/A,2
beeckmans traiteur nv,beeckmans traiteur,not found in KBO data table,2024-12-24 15:31:40,2
siemens n.v.,siemens n.v.,not found in KBO data table,2024-12-24 15:31:56,2
sans doute,sans doute,EU Active,2024-12-24 15:32:12,1
cinar/nihat,cinar/nihat,not found in KBO data table,2024-12-24 15:32:28,2
smismans/werner,smismans/werner,not found in KBO data table,2024-12-24 15:32:44,2
de prycker/maarten,de prycker/maarten,not found in KBO data table,2024-12-24 15:33:00,2
siemens n.v.,siemens n.v.,not found in KBO data table,2024-12-24 15:33:16,2
universite catholique de louvain,universite catholique de louvain,not found in KBO data table,2024-12-24 15:33:33,2
sam annour,sam annour,ENT LP Active,2024-12-24 15:33:50,1
bexco fibres nv,bexco fibres,ENT LP Stopped,2024-12-24 15:34:06,5
janssens f,janssens f,not found in KBO data table,2024-12-24 15:34:22,2
axel troch bvba,axel troch,ENT LP Active,2024-12-24 14:52:15,1
zerun/piotr,zerun/piotr,not found in KBO data table,2024-12-24 14:52:34,2
change vr consult,change vr consult,ENT LP Stopped,2024-12-24 14:52:51,5
aan de watergang nv,aan de watergang,not found in KBO data table,2024-12-24 14:53:09,2
rottiers no?lla,rottiers no?lla,not found in KBO data table,2024-12-24 14:53:28,2
delecatessen nathalie,delecatessen nathalie,not found in KBO data table,2024-12-24 14:53:44,2
de groeve/jan,de groeve/jan,not found in KBO data table,2024-12-24 14:54:01,2
patricia,patricia,not found in KBO data table,2024-12-24 14:54:20,2
alterimmo,alterimmo,EU Active,2024-12-24 14:54:37,1
f.r. socks,f.r. socks,ENT LP Stopped,2024-12-24 14:54:54,5
country seasons,country seasons,EU Stopped,2024-12-24 14:55:10,5
sunbeam belgium,sunbeam belgium,ENT LP Stopped,2024-12-24 14:55:27,5
agence locale emploi,agence locale emploi,not found in KBO data table,2024-12-24 14:55:44,2
van roy/bruno,van roy/bruno,not found in KBO data table,2024-12-24 14:56:01,2
scan,scan,not found in KBO data table,2024-12-24 14:56:19,2
van cauter j,van cauter j,not found in KBO data table,2024-12-24 14:56:35,2
lamchassis sprl,lamchassis,ENT LP Active,2024-12-24 14:56:52,1
emmaco,emmaco,ENT LP Active,2024-12-24 14:57:08,1
pmp amãâ©nagement sprl,pmp amãâ©nagement,not found in KBO data table,2024-12-24 14:57:24,2
eprivate sprl,eprivate,ENT LP Stopped,2024-12-24 14:57:40,5
microman roeselare,microman roeselare,ENT LP Stopped,2024-12-24 14:57:56,5
pep's sanit,pep's sanit,ENT LP Stopped,2024-12-24 14:58:12,5
outfort cvba,outfort,ENT LP Active,2024-12-24 14:58:28,1
thales information systems,thales information systems,ENT LP Stopped,2024-12-24 14:58:44,5
a.b.c. kickers bvba,a.b.c. kickers,ENT LP Stopped,2024-12-24 14:59:01,5
chi-chi dog [chi-chi-dog],chi-chi dog [chi-chi-dog],not found in KBO data table,2024-12-24 14:59:18,2
algemene aannemingen merckx,algemene aannemingen merckx,ENT LP Stopped,2024-12-24 14:59:35,5
elizabal/lydie,elizabal/lydie,not found in KBO data table,2024-12-24 14:59:51,2
blond s.,blond s.,not found in KBO data table,2024-12-24 15:00:08,2
adeac sa,adeac sa,not found in KBO data table,2024-12-24 15:00:24,2
de passage,de passage,not found in KBO data table,2024-12-24 15:00:42,2
dalemans sa,dalemans sa,not found in KBO data table,2024-12-24 15:01:00,2
orient international,orient international,not found in KBO data table,2024-12-24 15:01:17,2
vekemans tim,vekemans tim,not found in KBO data table,2024-12-24 15:01:34,2
pleintje ('t),pleintje ('t),not found in KBO data table,2024-12-24 15:01:50,2
behague f,behague f,not found in KBO data table,2024-12-24 15:02:07,2
saba jaouad,saba jaouad,not found in KBO data table,2024-12-24 15:02:24,2
b next management sprl,b next management,ENT LP Active,2024-12-24 15:02:40,1
heirman/roger,heirman/roger,not found in KBO data table,2024-12-24 15:02:56,2
verhoeven g nv,verhoeven g,not found in KBO data table,2024-12-24 15:03:12,2
comptoir janine,comptoir janine,EU Stopped,2024-12-24 15:03:28,5
burrick pia,burrick pia,not found in KBO data table,2024-12-24 15:03:44,2
ghesquiere f,ghesquiere f,not found in KBO data table,2024-12-24 15:04:01,2
d p e,d p e,not found in KBO data table,2024-12-24 15:04:17,2
gommeren bvba,gommeren,ENT LP Stopped,2024-12-24 15:04:34,5
i s t c sa,i s t c sa,not found in KBO data table,2024-12-24 15:04:51,2
d-outlet bvba,d-outlet,ENT LP Stopped,2024-12-24 15:05:07,5
l.m.i.,l.m.i.,ENT LP Stopped,2024-12-24 15:05:23,5
dekoninck construct bvba,dekoninck construct,ENT LP Active,2024-12-24 15:05:39,1
meubelen neven nv,meubelen neven,ENT LP Active,2024-12-24 15:05:56,1
parksken ('t),parksken ('t),not found in KBO data table,2024-12-24 15:06:12,2
denayer l,denayer l,not found in KBO data table,2024-12-24 15:06:28,2
glansdorff/isabelle,glansdorff/isabelle,not found in KBO data table,2024-12-24 15:06:44,2
vanparijs deschrijver vof,vanparijs deschrijver,not found in KBO data table,2024-12-24 15:07:00,2
confederatie bouw west-vlaanderen-kantoor kortrijk,confederatie bouw west-vlaanderen-kantoor kortrijk,not found in KBO data table,2024-12-24 15:07:16,2
chauffage clarembaux sa,chauffage clarembaux sa,not found in KBO data table,2024-12-24 15:07:33,2
palais de chine [le palais de chine],palais de chine [le palais de chine],not found in KBO data table,2024-12-24 15:07:49,2
north sea boating bvba,north sea boating,ENT LP Active,2024-12-24 15:08:05,1
dog's club,dog's club,EU Active,2024-12-24 15:08:22,1
bivit nv,bivit,ENT LP Active,2024-12-24 15:08:38,1
muyshondt b,muyshondt b,not found in KBO data table,2024-12-24 15:08:54,2
sanivera bvba,sanivera,ENT LP Active,2024-12-24 15:09:10,1
goovaerts w nv,goovaerts w,not found in KBO data table,2024-12-24 15:09:26,2
coin du feu (au),coin du feu (au),error,N/A,2
d.c.r. dienstencheques bvba,d.c.r. dienstencheques,ENT LP Active,2024-12-24 15:10:43,1
heymans technology sprl,heymans technology,ENT LP Active,2024-12-24 15:10:59,1
dextra - distri nv,dextra - distri,not found in KBO data table,2024-12-24 15:11:16,2
auto's bart,auto's bart,ENT LP Active,2024-12-24 15:11:32,1
jaco traiteur,jaco traiteur,error,N/A,2
carpet-stock m.d.m.,carpet-stock m.d.m.,not found in KBO data table,2024-12-24 15:12:49,2
geeroms makelaarskantoor bvba,geeroms makelaarskantoor,not found in KBO data table,2024-12-24 15:13:05,2
mais,mais,not found in KBO data table,2024-12-24 15:13:21,2
equiva consulting,equiva consulting,EU Stopped,2024-12-24 15:13:38,5
airport 2000 sprl,airport 2000,error,N/A,2
de meuleneire c,de meuleneire c,not found in KBO data table,2024-12-24 15:14:56,2
de schrijver,de schrijver,not found in KBO data table,2024-12-24 15:15:13,2
night and day,night and day,not found in KBO data table,2024-12-24 15:15:30,2
x-sanatec,x-sanatec,ENT LP Active,2024-12-24 15:15:46,1
centre culturel d'ans,centre culturel d'ans,error,N/A,2
palladio,palladio,ENT LP Stopped,2024-12-24 15:17:04,5
gtf belgium sprl,gtf belgium,not found in KBO data table,2024-12-24 15:17:20,2
ideal interim sa,ideal interim sa,not found in KBO data table,2024-12-24 15:17:37,2
proot/patrick,proot/patrick,not found in KBO data table,2024-12-24 15:17:53,2
ligue des familles asbl,ligue des familles,error,N/A,2
"onze-lieve-vrouwinstituut, middenschool","onze-lieve-vrouwinstituut, middenschool",error,N/A,2
life-balance,life-balance,error,N/A,2
bij els,bij els,error,N/A,2
esl group sa,esl group sa,error,N/A,2
de pauw i,de pauw i,error,N/A,2
focus advertising nv,focus advertising,error,N/A,2
habraken/marc,habraken/marc,error,N/A,2
toussaint/philippe,toussaint/philippe,error,N/A,2
van de peer ludo,van de peer ludo,error,N/A,2
leenaerts//,leenaerts//,error,N/A,2
vdv parket,vdv parket,error,N/A,2
de sleutelbos bvba,de sleutelbos,error,N/A,2
berlaar,berlaar,EU Stopped,2024-12-24 15:31:26,5
anseeuw houthandel bvba,anseeuw houthandel,not found in KBO data table,2024-12-24 15:31:43,2
van de voorde/peter,van de voorde/peter,not found in KBO data table,2024-12-24 15:31:59,2
autorijschool gino,autorijschool gino,ENT LP Stopped,2024-12-24 15:32:15,5
schelfaut/johan,schelfaut/johan,not found in KBO data table,2024-12-24 14:52:14,2
delfi-delerue,delfi-delerue,not found in KBO data table,2024-12-24 14:52:33,2
packaging service center nv,packaging service center,ENT LP Active,2024-12-24 14:52:50,1
jewel in a box,jewel in a box,EU Active,2024-12-24 14:53:07,1
sac ? sac [sac a sac],sac ? sac [sac a sac],not found in KBO data table,2024-12-24 14:53:25,2
lambeir/hilde,lambeir/hilde,not found in KBO data table,2024-12-24 14:53:43,2
bionerga,bionerga,ENT LP Active,2024-12-24 14:54:00,1
districar sa,districar sa,EU Stopped,2024-12-24 14:54:17,5
vermeiren g,vermeiren g,not found in KBO data table,2024-12-24 14:54:34,2
medical solutions,medical solutions,not found in KBO data table,2024-12-24 14:54:51,2
p.w.t. bvba,p.w.t.,ENT LP Active,2024-12-24 14:55:08,1
overlegplatform ggz,overlegplatform ggz,not found in KBO data table,2024-12-24 14:55:24,2
marc (kapsalon),marc (kapsalon),not found in KBO data table,2024-12-24 14:55:40,2
transport donatien kapeta bvba,transport donatien kapeta,ENT LP Stopped,2024-12-24 14:55:57,5
pecheny pneus,pecheny pneus,ENT LP Active,2024-12-24 14:56:13,1
p.r.b.m.-consulting bvba,p.r.b.m.-consulting,not found in KBO data table,2024-12-24 14:56:29,2
pauwelyn koen,pauwelyn koen,not found in KBO data table,2024-12-24 14:56:45,2
van overberghe/guy,van overberghe/guy,not found in KBO data table,2024-12-24 14:57:01,2
notenbaert willy en zoon nv,notenbaert willy en zoon,not found in KBO data table,2024-12-24 14:57:18,2
body x - trem,body x - trem,not found in KBO data table,2024-12-24 14:57:34,2
luxor,luxor,not found in KBO data table,2024-12-24 14:57:52,2
pure nature,pure nature,ENT LP Stopped,2024-12-24 14:58:10,5
easy living sa,easy living sa,not found in KBO data table,2024-12-24 14:58:26,2
malengier bvba,malengier,ENT LP Active,2024-12-24 14:58:43,1
sluys international nv,sluys international,ENT LP Active,2024-12-24 14:59:00,1
manu koel- en elektrotechniek,manu koel- en elektrotechniek,not found in KBO data table,2024-12-24 14:59:17,2
govaers,govaers,not found in KBO data table,2024-12-24 14:59:34,2
fantasia,fantasia,ENT LP Stopped,2024-12-24 14:59:51,5
stassen hoveniersbedrijf,stassen hoveniersbedrijf,not found in KBO data table,2024-12-24 15:00:09,2
buracom bvba,buracom,not found in KBO data table,2024-12-24 15:00:25,2
twice as nice,twice as nice,EU Active,2024-12-24 15:00:42,1
p&o ferries,p&o ferries,not found in KBO data table,2024-12-24 15:00:59,2
huppertz sa,huppertz sa,not found in KBO data table,2024-12-24 15:01:16,2
deroteleur h,deroteleur h,not found in KBO data table,2024-12-24 15:01:33,2
sport 2000,sport 2000,ENT LP Stopped,2024-12-24 15:01:49,5
coppens t,coppens t,not found in KBO data table,2024-12-24 15:02:06,2
schroven/ivo,schroven/ivo,not found in KBO data table,2024-12-24 15:02:22,2
ets bullman sa,ets bullman sa,not found in KBO data table,2024-12-24 15:02:38,2
nys laswerken bvba,nys laswerken,not found in KBO data table,2024-12-24 15:02:54,2
dejitronic,dejitronic,EU Stopped,2024-12-24 15:03:10,5
vanderheyden/erik,vanderheyden/erik,not found in KBO data table,2024-12-24 15:03:27,2
van den bogaert raf,van den bogaert raf,EU Active,2024-12-24 15:03:44,1
g.m.t. belgium sa,g.m.t. belgium sa,not found in KBO data table,2024-12-24 15:04:00,2
mdcm [mdcm  sprl],mdcm [mdcm  ],not found in KBO data table,2024-12-24 15:04:17,2
"international shoe agencies jimmy baert nv, baert nv","international shoe agencies jimmy baert , baert",not found in KBO data table,2024-12-24 15:04:33,2
brasseur henry sa,brasseur henry sa,not found in KBO data table,2024-12-24 15:04:50,2
k.v.s. lighting,k.v.s. lighting,EU Stopped,2024-12-24 15:05:06,5
demuynck k,demuynck k,not found in KBO data table,2024-12-24 15:05:22,2
detaille/jo?lle,detaille/jo?lle,not found in KBO data table,2024-12-24 15:05:40,2
haesaerts frank,haesaerts frank,EU Stopped,2024-12-24 15:05:56,5
de vierkante meter,de vierkante meter,ENT LP Active,2024-12-24 15:06:12,1
van casteren c,van casteren c,not found in KBO data table,2024-12-24 15:06:29,2
j&w partners,j&w partners,not found in KBO data table,2024-12-24 15:06:45,2
cye consult,cye consult,ENT LP Active,2024-12-24 15:07:01,1
jeugddienst,jeugddienst,not found in KBO data table,2024-12-24 15:07:18,2
herckenrode,herckenrode,ENT LP Active,2024-12-24 15:07:35,1
hãâ¤stens megastore antwerpen,hãâ¤stens megastore antwerpen,No result found for this search term,2024-12-24 15:07:51,2
bouwonderneming sterckx bvba,bouwonderneming sterckx,not found in KBO data table,2024-12-24 15:08:07,2
lieve(coiffure),lieve(coiffure),not found in KBO data table,2024-12-24 15:08:24,2
b.s.n. bvba,b.s.n.,ENT LP Active,2024-12-24 15:08:40,1
crazy cow bvba,crazy cow,ENT LP Active,2024-12-24 15:08:56,1
browaeys/peter,browaeys/peter,not found in KBO data table,2024-12-24 15:09:12,2
celtic ireland bvba,celtic ireland,EU Stopped,2024-12-24 15:09:28,5
van den bergh/walter,van den bergh/walter,not found in KBO data table,2024-12-24 15:09:45,2
dockx car & truck rental nv,dockx car & truck rental,EU Stopped,2024-12-24 15:10:01,5
boes/g.,boes/g.,not found in KBO data table,2024-12-24 15:10:18,2
aquapunt d'autreppe sprl,aquapunt d'autreppe,ENT LP Stopped,2024-12-24 15:10:34,5
hydro-tools sa,hydro-tools sa,not found in KBO data table,2024-12-24 15:10:50,2
economic [economic bvba],economic [economic ],not found in KBO data table,2024-12-24 15:11:07,2
speelberg (de),speelberg (de),not found in KBO data table,2024-12-24 15:11:23,2
het podium,het podium,ENT LP Stopped,2024-12-24 15:11:40,5
entraide culture asbl,entraide culture,not found in KBO data table,2024-12-24 15:11:57,2
prima lettering nv,prima lettering,ENT LP Active,2024-12-24 15:12:14,1
maes adiel nv,maes adiel,not found in KBO data table,2024-12-24 15:12:31,2
koopjesgigant,koopjesgigant,EU Stopped,2024-12-24 15:12:48,5
ets devergnies sprl,ets devergnies,EU Stopped,2024-12-24 15:13:04,5
natalima electro-technique,natalima electro-technique,EU Stopped,2024-12-24 15:13:20,5
j.l. style sprl,j.l. style,ENT LP Stopped,2024-12-24 15:13:37,5
will-pharma,will-pharma,EU Active,2024-12-24 15:13:53,1
bloemania,bloemania,EU Stopped,2024-12-24 15:14:09,5
imago-textiel bvba,imago-textiel,not found in KBO data table,2024-12-24 15:14:27,2
it factory bvba,it factory,EU Active,2024-12-24 15:14:43,1
vermeulen/christ,vermeulen/christ,not found in KBO data table,2024-12-24 15:14:59,2
igilo sa,igilo sa,not found in KBO data table,2024-12-24 15:15:16,2
aventure parc,aventure parc,not found in KBO data table,2024-12-24 15:15:32,2
hilde theunis bvba,hilde theunis,not found in KBO data table,2024-12-24 15:15:48,2
christiaens/pol,christiaens/pol,not found in KBO data table,2024-12-24 15:16:05,2
van hauwaert/wilfried,van hauwaert/wilfried,not found in KBO data table,2024-12-24 15:16:21,2
luyckx wim,luyckx wim,EU Stopped,2024-12-24 15:16:37,5
torfs/wim,torfs/wim,not found in KBO data table,2024-12-24 15:16:54,2
agora deinze,agora deinze,ENT LP Stopped,2024-12-24 15:17:10,5
a.d. froidmont,a.d. froidmont,EU Stopped,2024-12-24 15:17:26,5
avva systems bvba,avva systems,ENT LP Active,2024-12-24 15:17:42,1
van braband b,van braband b,not found in KBO data table,2024-12-24 15:17:58,2
andries/frieda,andries/frieda,not found in KBO data table,2024-12-24 15:18:14,2
pc-matic bvba,pc-matic,ENT LP Active,2024-12-24 15:18:30,1
ools/willy,ools/willy,not found in KBO data table,2024-12-24 15:18:47,2
star entertainment bvba,star entertainment,ENT LP Active,2024-12-24 15:19:03,1
carlier/xavier,carlier/xavier,not found in KBO data table,2024-12-24 15:19:19,2
ketelssoftwareengineering,ketelssoftwareengineering,EU Stopped,2024-12-24 15:19:34,5
