company_name,Sanctioned Names,Status,matched_keywords,Total_Score,risk_level
9g,No Match,error,No relevant keywords,12.0,high
a.b.c. kickers bvba,No Match,ENT LP Stopped,No relevant keywords,10.0,high
a.d. froidmont,No Match,EU Stopped,court,15.0,high
a.f. security,No Match,EU Stopped,,5.0,medium
a.f.m. new sa,No Match,error,,2.0,medium
a.m.d.i.,No Match,not found in KBO data table,,2.0,medium
aan de watergang nv,No Match,not found in KBO data table,,2.0,medium
abi place,No Match,ENT LP Active,,1.0,medium
ackerman bvba,No Match,ENT LP Active,"No relevant keywords, audit",11.0,high
activeidea sa,No Match,not found in KBO data table,No relevant keywords,7.0,high
adeac sa,No Match,not found in KBO data table,No relevant keywords,12.0,high
agence locale emploi,No Match,not found in KBO data table,No relevant keywords,7.0,high
agora deinze,No Match,ENT LP Stopped,No relevant keywords,15.0,high
airport 2000 sprl,No Match,error,No relevant keywords,12.0,high
akeru,No Match,error,No relevant keywords,7.0,high
algemene aannemingen merckx,No Match,ENT LP Stopped,No relevant keywords,10.0,high
alia consult,No Match,not found in KBO data table,No relevant keywords,7.0,high
altemp nv,No Match,ENT LP Active,,1.0,medium
alterimmo,No Match,EU Active,,1.0,medium
amadeus,No Match,error,No relevant keywords,17.0,high
andries/frieda,No Match,not found in KBO data table,No relevant keywords,17.0,high
anja,No Match,ENT LP Stopped,,5.0,medium
anseeuw houthandel bvba,No Match,not found in KBO data table,No relevant keywords,7.0,high
aquapunt d'autreppe sprl,No Match,ENT LP Stopped,,5.0,medium
aragonite bvba,No Match,ENT LP Stopped,,5.0,medium
art-toit sa,No Match,not found in KBO data table,No relevant keywords,22.0,high
artielle/c.,No Match,not found in KBO data table,No relevant keywords,7.0,high
association belge des enseignants & pratiquants de yoga (a.b.e.p.y.),No Match,not found in KBO data table,,2.0,medium
auto's bart,No Match,ENT LP Active,No relevant keywords,6.0,medium
autorijschool gino,No Match,ENT LP Stopped,No relevant keywords,10.0,high
aventure parc,No Match,not found in KBO data table,,2.0,medium
avva systems bvba,No Match,ENT LP Active,,1.0,medium
axel troch bvba,No Match,ENT LP Active,No relevant keywords,6.0,medium
az st lucas brugge,No Match,not found in KBO data table,No relevant keywords,12.0,high
azet,No Match,error,No relevant keywords,27.0,high
b & s projects bvba,No Match,EU Active,"No relevant keywords, liquidation",21.0,high
b next management sprl,No Match,ENT LP Active,No relevant keywords,11.0,high
b.s.n. bvba,No Match,ENT LP Active,,1.0,medium
babymoov,No Match,not found in KBO data table,,2.0,medium
baes/pierre,No Match,not found in KBO data table,,2.0,medium
bap-asmb,No Match,ENT LP Stopped,No relevant keywords,10.0,high
beauty spot (the),No Match,not found in KBO data table,,2.0,medium
bebop bvba,No Match,ENT LP Stopped,No relevant keywords,10.0,high
beeckmans traiteur nv,No Match,not found in KBO data table,,2.0,medium
beerens alain sprl,No Match,ENT LP Stopped,,5.0,medium
behague f,No Match,not found in KBO data table,,2.0,medium
benali/mohammed,No Match,not found in KBO data table,,2.0,medium
berlaar,No Match,EU Stopped,No relevant keywords,15.0,high
bermalux bvba,No Match,ENT LP Stopped,"bankruptcy, No relevant keywords",15.0,high
bernister (le) sa,No Match,not found in KBO data table,,2.0,medium
bexco fibres nv,No Match,ENT LP Stopped,,5.0,medium
bij els,No Match,error,,2.0,medium
bils exclusive travel bvba,No Match,ENT LP Stopped,,5.0,medium
bionerga,No Match,ENT LP Active,,1.0,medium
bivit nv,No Match,ENT LP Active,,1.0,medium
bloemania,No Match,EU Stopped,No relevant keywords,30.0,high
bloemenkorf (de),No Match,not found in KBO data table,No relevant keywords,17.0,high
bloemenrijk bvba,No Match,ENT LP Stopped,No relevant keywords,20.0,high
blond s.,No Match,not found in KBO data table,,2.0,medium
blue island,No Match,ENT LP Active,No relevant keywords,11.0,high
body x - trem,No Match,not found in KBO data table,,2.0,medium
boes/g.,No Match,not found in KBO data table,,2.0,medium
bogimac engineering nv,No Match,EU Stopped,,5.0,medium
bols paul bvba,No Match,ENT LP Active,,1.0,medium
bonobo apart hotel bvba,No Match,ENT LP Active,,1.0,medium
bourgeois/jean-paul,No Match,not found in KBO data table,No relevant keywords,7.0,high
bouw begeleidings bureau bvba,No Match,ENT LP Active,,1.0,medium
bouwonderneming sterckx bvba,No Match,not found in KBO data table,"liquidation, No relevant keywords",17.0,high
bovan bvba,No Match,error,No relevant keywords,12.0,high
brabo cvba,No Match,EU Active,,1.0,medium
brasseur henry sa,No Match,not found in KBO data table,,2.0,medium
briffaerts bvba,No Match,ENT LP Stopped,No relevant keywords,10.0,high
browaeys/peter,No Match,not found in KBO data table,No relevant keywords,7.0,high
bs parts,No Match,not found in KBO data table,,2.0,medium
bulcke p,No Match,not found in KBO data table,,2.0,medium
buracom bvba,No Match,not found in KBO data table,,2.0,medium
bureau no?l,No Match,error,,2.0,medium
burrick pia,No Match,not found in KBO data table,,2.0,medium
c.m.s. sa [senec],No Match,error,No relevant keywords,22.0,high
cabinet d'avocats glaude,No Match,error,,2.0,medium
cambier d,No Match,not found in KBO data table,,2.0,medium
carlier/xavier,No Match,not found in KBO data table,No relevant keywords,7.0,high
carpet-stock m.d.m.,No Match,not found in KBO data table,,2.0,medium
carron bjoke,No Match,error,No relevant keywords,22.0,high
carte blanche sprl,No Match,EU Stopped,,5.0,medium
cartopack nv,No Match,EU Active,No relevant keywords,6.0,medium
cartovan bvba,No Match,ENT LP Stopped,No relevant keywords,10.0,high
celtic ireland bvba,No Match,EU Stopped,"liquidation, court, No relevant keywords",25.0,high
cem container barging nv,No Match,EU Active,,1.0,medium
centre culturel d'ans,No Match,error,No relevant keywords,7.0,high
ceulenaere,No Match,not found in KBO data table,No relevant keywords,17.0,high
ceyssens/jack,No Match,error,No relevant keywords,12.0,high
change vr consult,No Match,ENT LP Stopped,,5.0,medium
charlier tuinen bvba,No Match,ENT LP Active,No relevant keywords,6.0,medium
chauffage clarembaux sa,No Match,not found in KBO data table,,2.0,medium
chi-chi dog [chi-chi-dog],No Match,not found in KBO data table,,2.0,medium
chocofino bvba,No Match,ENT LP Active,No relevant keywords,6.0,medium
christiaens/pol,No Match,not found in KBO data table,No relevant keywords,7.0,high
cieffe benelux bvba,No Match,not found in KBO data table,,2.0,medium
cinar/nihat,No Match,not found in KBO data table,,2.0,medium
ckc sprl,No Match,EU Stopped,No relevant keywords,10.0,high
claude michel promotion sa,No Match,error,,2.0,medium
club sa,No Match,not found in KBO data table,,2.0,medium
coin du feu (au),No Match,error,No relevant keywords,12.0,high
comptoir janine,No Match,EU Stopped,,5.0,medium
conceptelec,No Match,EU Stopped,,5.0,medium
confederatie bouw west-vlaanderen-kantoor kortrijk,No Match,not found in KBO data table,No relevant keywords,12.0,high
conteyor multibag systems nv,No Match,ENT LP Stopped,litigation,20.0,high
coppac,No Match,ENT LP Active,No relevant keywords,21.0,high
coppens t,No Match,not found in KBO data table,No relevant keywords,7.0,high
country seasons,No Match,EU Stopped,No relevant keywords,10.0,high
coup de poing,No Match,ENT LP Active,No relevant keywords,6.0,medium
couwet l.,No Match,not found in KBO data table,No relevant keywords,12.0,high
cowa europe,No Match,ENT LP Active,No relevant keywords,11.0,high
crazy cow bvba,No Match,ENT LP Active,"No relevant keywords, liquidation",21.0,high
cye consult,No Match,ENT LP Active,,1.0,medium
d p e,No Match,not found in KBO data table,No relevant keywords,12.0,high
d'haene d,No Match,not found in KBO data table,,2.0,medium
d'hondt geert,No Match,error,,2.0,medium
d-outlet bvba,No Match,ENT LP Stopped,No relevant keywords,10.0,high
d.c.r. dienstencheques bvba,No Match,ENT LP Active,No relevant keywords,6.0,medium
daemshof,No Match,error,No relevant keywords,7.0,high
dakrubbercentrale bvba,No Match,ENT LP Active,No relevant keywords,6.0,medium
dalemans sa,No Match,not found in KBO data table,,2.0,medium
dams alex bvba [dams alex chape-industrievloeren],No Match,not found in KBO data table,,2.0,medium
dayyeh company bvba,No Match,error,,2.0,medium
de braekeleer karen,No Match,not found in KBO data table,No relevant keywords,7.0,high
de ceulaer/freddy,No Match,not found in KBO data table,,2.0,medium
de groeve/jan,No Match,not found in KBO data table,"No relevant keywords, court",12.0,high
de meuleneire c,No Match,not found in KBO data table,,2.0,medium
de paepe/liesbeth,No Match,not found in KBO data table,,2.0,medium
de passage,No Match,not found in KBO data table,No relevant keywords,7.0,high
de pauw i,No Match,error,,2.0,medium
de prycker/maarten,No Match,not found in KBO data table,No relevant keywords,12.0,high
de schrijver,No Match,not found in KBO data table,,2.0,medium
de sleutelbos bvba,No Match,error,,2.0,medium
de vierkante meter,No Match,ENT LP Active,No relevant keywords,16.0,high
de vogeleer nv,No Match,not found in KBO data table,No relevant keywords,7.0,high
deba nv,No Match,ENT LP Stopped,,5.0,medium
dejitronic,No Match,EU Stopped,,5.0,medium
dekoninck construct bvba,No Match,ENT LP Active,No relevant keywords,6.0,medium
delacroix/damien,No Match,error,No relevant keywords,7.0,high
delecatessen nathalie,No Match,not found in KBO data table,No relevant keywords,7.0,high
delfi-delerue,No Match,not found in KBO data table,No relevant keywords,7.0,high
delvith [delvith ag],No Match,not found in KBO data table,,2.0,medium
demeestere rik,No Match,not found in KBO data table,No relevant keywords,7.0,high
demuynck k,No Match,not found in KBO data table,,2.0,medium
denayer l,No Match,not found in KBO data table,,2.0,medium
deprez d,No Match,not found in KBO data table,No relevant keywords,12.0,high
deroteleur h,No Match,not found in KBO data table,,2.0,medium
destrooper & partners bvba,No Match,ENT LP Active,No relevant keywords,6.0,medium
detaille/jo?lle,No Match,not found in KBO data table,,2.0,medium
dethier b sa,No Match,not found in KBO data table,,2.0,medium
detraux l,No Match,not found in KBO data table,,2.0,medium
deweerdt/paul,No Match,not found in KBO data table,,2.0,medium
dextra - distri nv,No Match,not found in KBO data table,,2.0,medium
dialogic sa [dialogic s.a.],No Match,not found in KBO data table,,2.0,medium
digital data nv,No Match,ENT LP Active,,1.0,medium
dimitex diffusion sprl,No Match,error,,2.0,medium
districar sa,No Match,EU Stopped,"No relevant keywords, liquidation",20.0,high
dockx car & truck rental nv,No Match,EU Stopped,,5.0,medium
dodemont sa,No Match,not found in KBO data table,No relevant keywords,7.0,high
dog's club,No Match,EU Active,,1.0,medium
don bosco,No Match,not found in KBO data table,No relevant keywords,12.0,high
drakobosch,No Match,ENT LP Stopped,No relevant keywords,10.0,high
dubbel 8,No Match,error,,2.0,medium
dumortier/marc,No Match,not found in KBO data table,,2.0,medium
e c s bvba,No Match,error,No relevant keywords,7.0,high
easy living sa,No Match,not found in KBO data table,No relevant keywords,17.0,high
economic [economic bvba],No Match,not found in KBO data table,,2.0,medium
electro depauw bvba,No Match,ENT LP Active,,1.0,medium
elizabal/lydie,No Match,not found in KBO data table,,2.0,medium
emmaco,No Match,ENT LP Active,No relevant keywords,16.0,high
entraide & fraternitã© vivre ensemble,No Match,not found in KBO data table,No relevant keywords,22.0,high
entraide culture asbl,No Match,not found in KBO data table,,2.0,medium
eprivate sprl,No Match,ENT LP Stopped,No relevant keywords,10.0,high
equiva consulting,No Match,EU Stopped,,5.0,medium
esl group sa,No Match,error,No relevant keywords,7.0,high
ets bullman sa,No Match,not found in KBO data table,,2.0,medium
ets devergnies sprl,No Match,EU Stopped,No relevant keywords,10.0,high
eureka events sprl,No Match,ENT LP Active,liquidation,11.0,high
european tech serv,No Match,ENT LP Stopped,No relevant keywords,10.0,high
eurosol bvba,No Match,ENT LP Stopped,No relevant keywords,15.0,high
exelmans kristof,No Match,not found in KBO data table,,2.0,medium
f.r. socks,No Match,ENT LP Stopped,No relevant keywords,10.0,high
faja lobi,No Match,ENT LP Active,No relevant keywords,6.0,medium
fantasia,No Match,ENT LP Stopped,No relevant keywords,10.0,high
fiducial expertise,No Match,EU Stopped,,5.0,medium
fievet v,No Match,not found in KBO data table,,2.0,medium
final touch,No Match,ENT LP Stopped,,5.0,medium
flahy h,No Match,not found in KBO data table,,2.0,medium
flanders catering,No Match,error,No relevant keywords,7.0,high
florair 3000 sa,No Match,not found in KBO data table,,2.0,medium
focus advertising nv,No Match,error,No relevant keywords,12.0,high
folders bedeling bvba,No Match,ENT LP Stopped,,5.0,medium
fondation pour l'architecture,No Match,not found in KBO data table,,2.0,medium
food tendance bvba,No Match,error,No relevant keywords,12.0,high
forlan 3 sprl,No Match,error,,2.0,medium
g-interieur bvba,No Match,error,"liquidation, No relevant keywords",27.0,high
g.m.t. belgium sa,No Match,not found in KBO data table,,2.0,medium
garden sides,No Match,EU Stopped,,5.0,medium
geeroms makelaarskantoor bvba,No Match,not found in KBO data table,,2.0,medium
gelati van houcke bvba,No Match,error,No relevant keywords,7.0,high
gembloux finances sa,No Match,not found in KBO data table,,2.0,medium
gerard denis,No Match,not found in KBO data table,No relevant keywords,12.0,high
gesves.com,No Match,EU Active,,1.0,medium
ghesquiere f,No Match,not found in KBO data table,,2.0,medium
glansdorff/isabelle,No Match,not found in KBO data table,,2.0,medium
gobien/willem,No Match,not found in KBO data table,No relevant keywords,17.0,high
gommeren bvba,No Match,ENT LP Stopped,No relevant keywords,10.0,high
goosens/michael,No Match,error,,2.0,medium
goovaerts w nv,No Match,not found in KBO data table,,2.0,medium
gouleh,No Match,ENT LP Stopped,No relevant keywords,10.0,high
govaers,No Match,not found in KBO data table,,2.0,medium
gtf belgium sprl,No Match,not found in KBO data table,,2.0,medium
gueuffen d,No Match,not found in KBO data table,"No relevant keywords, court",17.0,high
gun productions bvba,No Match,ENT LP Active,"No relevant keywords, liquidation",41.0,prohibited
gunst/leocadie,No Match,not found in KBO data table,No relevant keywords,12.0,high
habraken/marc,No Match,error,,2.0,medium
haesaerts frank,No Match,EU Stopped,,5.0,medium
hall 78 sa,No Match,not found in KBO data table,"court, No relevant keywords, criminal, court, lawsuit",67.0,prohibited
hanson aggregates belgium nv,No Match,ENT LP Stopped,liquidation,15.0,high
hdh & co,No Match,not found in KBO data table,,2.0,medium
heirman/roger,No Match,not found in KBO data table,No relevant keywords,7.0,high
henrotte s,No Match,not found in KBO data table,,2.0,medium
herckenrode,No Match,ENT LP Active,,1.0,medium
heremans/erwin,No Match,error,No relevant keywords,7.0,high
herman/jozef,No Match,not found in KBO data table,,2.0,medium
herremans/daniel,No Match,not found in KBO data table,,2.0,medium
het podium,No Match,ENT LP Stopped,No relevant keywords,10.0,high
heymans technology sprl,No Match,ENT LP Active,,1.0,medium
high-performance,No Match,not found in KBO data table,No relevant keywords,7.0,high
hilde theunis bvba,No Match,not found in KBO data table,,2.0,medium
horizon l'immobili?re [horizon l'immobiliere],No Match,error,No relevant keywords,12.0,high
hulens engineering bvba,No Match,ENT LP Stopped,No relevant keywords,10.0,high
huppertz sa,No Match,not found in KBO data table,No relevant keywords,7.0,high
hydro-tools sa,No Match,not found in KBO data table,No relevant keywords,12.0,high
hã¤stens megastore antwerpen,No Match,No result found for this search term,No relevant keywords,7.0,high
i s t c sa,No Match,not found in KBO data table,,2.0,medium
ic distri,No Match,not found in KBO data table,,2.0,medium
ickx design,No Match,EU Active,,1.0,medium
ideal interim sa,No Match,not found in KBO data table,,2.0,medium
igilo sa,No Match,not found in KBO data table,,2.0,medium
imago-textiel bvba,No Match,not found in KBO data table,,2.0,medium
immo gevan nv,No Match,error,No relevant keywords,7.0,high
impaco,No Match,ENT LP Stopped,No relevant keywords,10.0,high
interact consultancy,No Match,ENT LP Stopped,No relevant keywords,10.0,high
international lashing systems nv [international lashing systems - maritime consolidators belgium],No Match,not found in KBO data table,,2.0,medium
"international shoe agencies jimmy baert nv, baert nv",No Match,not found in KBO data table,,2.0,medium
inventive telecom partners sa,No Match,EU Active,,1.0,medium
investigus agency,No Match,EU Stopped,investigation,10.0,high
it factory bvba,No Match,EU Active,No relevant keywords,11.0,high
j&w partners,No Match,not found in KBO data table,,2.0,medium
j.l. style sprl,No Match,ENT LP Stopped,,5.0,medium
jaco traiteur,No Match,error,No relevant keywords,17.0,high
janssens f,No Match,not found in KBO data table,No relevant keywords,7.0,high
jeugddienst,No Match,not found in KBO data table,No relevant keywords,7.0,high
jewel in a box,No Match,EU Active,,1.0,medium
jgi-computers,No Match,EU Stopped,,5.0,medium
jmp cars,No Match,not found in KBO data table,,2.0,medium
just communication,No Match,ENT LP Active,,1.0,medium
juvo bvba,No Match,ENT LP Active,,1.0,medium
k.v.s. lighting,No Match,EU Stopped,,5.0,medium
kapas bvba,No Match,EU Active,,1.0,medium
ketelssoftwareengineering,No Match,EU Stopped,,5.0,medium
"kinderwerking ""'t dokske""",No Match,not found in KBO data table,"No relevant keywords, liquidation",22.0,high
konica minolta business solutions (belgium) nv,No Match,EU Active,,1.0,medium
koopjesgigant,No Match,EU Stopped,,5.0,medium
kumps ets sprl,No Match,error,No relevant keywords,7.0,high
l.d. motors bvba,No Match,ENT LP Active,,1.0,medium
l.m.i.,No Match,ENT LP Stopped,No relevant keywords,20.0,high
la bonne bouteille sprl,No Match,error,,2.0,medium
la couronne [aannemingsbedrijf la couronne],No Match,not found in KBO data table,No relevant keywords,7.0,high
lambeir/hilde,No Match,not found in KBO data table,No relevant keywords,12.0,high
lamchassis sprl,No Match,ENT LP Active,No relevant keywords,6.0,medium
lamine/e.,No Match,error,No relevant keywords,7.0,high
langers kris bvba,No Match,not found in KBO data table,No relevant keywords,7.0,high
lara trans bvba,No Match,ENT LP Active,,1.0,medium
leenaerts//,No Match,error,,2.0,medium
lemoine belgium nv,No Match,ENT LP Stopped,,5.0,medium
lescrauwaet,No Match,not found in KBO data table,No relevant keywords,7.0,high
liegeois/marie-christine,No Match,not found in KBO data table,No relevant keywords,17.0,high
lieve(coiffure),No Match,not found in KBO data table,No relevant keywords,7.0,high
life-balance,No Match,error,,2.0,medium
ligue des familles asbl,No Match,error,No relevant keywords,7.0,high
lingerie fashion bvba,No Match,error,,2.0,medium
ljb bvba,No Match,ENT LP Active,,1.0,medium
lorsom/marc,No Match,not found in KBO data table,,2.0,medium
luxor,No Match,not found in KBO data table,,2.0,medium
luyckx wim,No Match,EU Stopped,,5.0,medium
maes adiel nv,No Match,not found in KBO data table,No relevant keywords,7.0,high
mais,No Match,not found in KBO data table,,2.0,medium
maison des jeunes,No Match,error,No relevant keywords,12.0,high
malengier bvba,No Match,ENT LP Active,No relevant keywords,6.0,medium
mallinder l,No Match,error,No relevant keywords,7.0,high
mannabis sprl,No Match,ENT LP Stopped,No relevant keywords,10.0,high
manu koel- en elektrotechniek,No Match,not found in KBO data table,,2.0,medium
marc (kapsalon),No Match,not found in KBO data table,,2.0,medium
marissens kantoor,No Match,not found in KBO data table,,2.0,medium
mdcm [mdcm  sprl],No Match,not found in KBO data table,,2.0,medium
medata nv,No Match,ENT LP Stopped,No relevant keywords,10.0,high
media 2000,No Match,ENT LP Stopped,No relevant keywords,10.0,high
medical solutions,No Match,not found in KBO data table,,2.0,medium
meersman/marc,No Match,not found in KBO data table,No relevant keywords,12.0,high
mega clean housing,No Match,error,,2.0,medium
mercatorfonds,No Match,ENT LP Active,,1.0,medium
mertens/jozef,No Match,not found in KBO data table,,2.0,medium
meubelen neven nv,No Match,ENT LP Active,No relevant keywords,6.0,medium
microman roeselare,No Match,ENT LP Stopped,No relevant keywords,10.0,high
moerman marnix,No Match,not found in KBO data table,No relevant keywords,27.0,high
ms racing bvba,No Match,ENT LP Active,,1.0,medium
mto [m.t.o.],No Match,not found in KBO data table,No relevant keywords,7.0,high
muyshondt b,No Match,not found in KBO data table,,2.0,medium
nasim,No Match,ENT LP Stopped,"No relevant keywords, court",45.0,prohibited
natalima electro-technique,No Match,EU Stopped,,5.0,medium
nathalie's trimsalon,No Match,EU Active,No relevant keywords,6.0,medium
nextage,No Match,ENT LP Active,,1.0,medium
night and day,No Match,not found in KBO data table,No relevant keywords,12.0,high
nijs/steven,No Match,not found in KBO data table,,2.0,medium
noa productions sprl,No Match,ENT LP Active,No relevant keywords,6.0,medium
north sea boating bvba,No Match,ENT LP Active,No relevant keywords,6.0,medium
notenbaert willy en zoon nv,No Match,not found in KBO data table,No relevant keywords,12.0,high
notteboom/sofie,No Match,not found in KBO data table,,2.0,medium
nrd design,No Match,EU Active,No relevant keywords,6.0,medium
nys laswerken bvba,No Match,not found in KBO data table,,2.0,medium
oh ! la ! la ! boulangerie [oh] la] la] boulangerie sprl],No Match,not found in KBO data table,,2.0,medium
oikonde antwerpen vzw,No Match,not found in KBO data table,,2.0,medium
"onze-lieve-vrouwinstituut, middenschool",No Match,error,,2.0,medium
ools/willy,No Match,not found in KBO data table,No relevant keywords,12.0,high
opalgo systems,No Match,EU Stopped,,5.0,medium
optimal aircraft design sprl,No Match,ENT LP Active,liquidation,11.0,high
orangette (l'),No Match,not found in KBO data table,No relevant keywords,12.0,high
orient international,No Match,not found in KBO data table,No relevant keywords,7.0,high
orthopedie van haesendonck nv,No Match,ENT LP Active,,1.0,medium
outfort cvba,No Match,ENT LP Active,No relevant keywords,6.0,medium
overlegplatform ggz,No Match,not found in KBO data table,No relevant keywords,7.0,high
p&o ferries,No Match,not found in KBO data table,,2.0,medium
p.r.b.m.-consulting bvba,No Match,not found in KBO data table,,2.0,medium
p.w.t. bvba,No Match,ENT LP Active,,1.0,medium
packaging service center nv,No Match,ENT LP Active,No relevant keywords,6.0,medium
palais de chine [le palais de chine],No Match,not found in KBO data table,No relevant keywords,7.0,high
palladio,No Match,ENT LP Stopped,,5.0,medium
pano reizen nv,No Match,error,,2.0,medium
panos,No Match,EU Active,,1.0,medium
parameditheek juste raoul,No Match,error,No relevant keywords,12.0,high
parelmoer bvba,No Match,ENT LP Active,No relevant keywords,6.0,medium
parksken ('t),No Match,not found in KBO data table,,2.0,medium
parton/bert,No Match,error,No relevant keywords,12.0,high
patricia,No Match,not found in KBO data table,,2.0,medium
paulca sprl,No Match,ENT LP Stopped,,5.0,medium
pauwels/nancy,No Match,not found in KBO data table,,2.0,medium
pauwelyn koen,No Match,not found in KBO data table,,2.0,medium
pc concept,No Match,EU Stopped,,5.0,medium
pc-matic bvba,No Match,ENT LP Active,No relevant keywords,6.0,medium
pecheny pneus,No Match,ENT LP Active,,1.0,medium
peeraer en co bvba,No Match,error,liquidation,12.0,high
peeters/joseph,No Match,not found in KBO data table,,2.0,medium
pep's sanit,No Match,ENT LP Stopped,,5.0,medium
perneel champignons bvba,No Match,not found in KBO data table,,2.0,medium
piercy/vivien,No Match,error,No relevant keywords,7.0,high
pleintje ('t),No Match,not found in KBO data table,,2.0,medium
pm zeefdruk,No Match,EU Active,,1.0,medium
pmp amã©nagement sprl,No Match,not found in KBO data table,,2.0,medium
pommereul e,No Match,not found in KBO data table,No relevant keywords,17.0,high
prefa-eddy roosen,No Match,error,No relevant keywords,7.0,high
prestone,No Match,ENT LP Stopped,No relevant keywords,15.0,high
prima lettering nv,No Match,ENT LP Active,No relevant keywords,6.0,medium
pro active,No Match,EU Stopped,,5.0,medium
pro-steam bvba,No Match,ENT LP Active,No relevant keywords,6.0,medium
prognoz europe sprl,No Match,ENT LP Stopped,court,10.0,high
promelek,No Match,not found in KBO data table,No relevant keywords,7.0,high
proot/patrick,No Match,not found in KBO data table,,2.0,medium
publi dema bvba,No Match,ENT LP Active,No relevant keywords,11.0,high
publimax,No Match,error,"scam, No relevant keywords",37.0,prohibited
pure nature,No Match,ENT LP Stopped,,5.0,medium
qatar airways,No Match,EU Active,No relevant keywords,6.0,medium
quartefeuille sprl,No Match,ENT LP Stopped,,5.0,medium
r.s.b.,No Match,error,No relevant keywords,7.0,high
raes d,No Match,not found in KBO data table,,2.0,medium
rehau nv,No Match,error,No relevant keywords,7.0,high
rifo bvba,No Match,ENT LP Active,No relevant keywords,6.0,medium
rivi?ra b bvba,No Match,not found in KBO data table,"No relevant keywords, liquidation",17.0,high
rob,No Match,not found in KBO data table,,2.0,medium
rolly/johan,No Match,not found in KBO data table,,2.0,medium
rotexco nv,No Match,ENT LP Stopped,,5.0,medium
rottiers no?lla,No Match,not found in KBO data table,,2.0,medium
rrco,No Match,ENT LP Stopped,,5.0,medium
rugtier l,No Match,not found in KBO data table,,2.0,medium
s.v.t. bvba,No Match,ENT LP Active,liquidation,11.0,high
saba jaouad,No Match,not found in KBO data table,No relevant keywords,7.0,high
sac ? sac [sac a sac],No Match,not found in KBO data table,,2.0,medium
sacrã©/b.,No Match,not found in KBO data table,,2.0,medium
sam annour,No Match,ENT LP Active,,1.0,medium
sanivera bvba,No Match,ENT LP Active,,1.0,medium
sans doute,No Match,EU Active,,1.0,medium
scan,No Match,not found in KBO data table,,2.0,medium
schelfaut/johan,No Match,not found in KBO data table,,2.0,medium
scholen sanderus,No Match,error,No relevant keywords,7.0,high
schollaert/kristof,No Match,not found in KBO data table,,2.0,medium
schroven/ivo,No Match,not found in KBO data table,No relevant keywords,7.0,high
schutters kurt,No Match,EU Stopped,No relevant keywords,25.0,high
search & selection bvba,No Match,EU Active,,1.0,medium
sellerie de waimes,No Match,EU Active,No relevant keywords,11.0,high
sentobin bvba,No Match,ENT LP Active,,1.0,medium
serafino decoratie bvba,No Match,ENT LP Active,,1.0,medium
siemens n.v.,No Match,not found in KBO data table,No relevant keywords,832.0,prohibited
similes-federatie vzw,No Match,not found in KBO data table,,2.0,medium
simons s.,No Match,not found in KBO data table,,2.0,medium
slabbinck s,No Match,not found in KBO data table,No relevant keywords,22.0,high
sluys international nv,No Match,ENT LP Active,,1.0,medium
smismans/werner,No Match,not found in KBO data table,No relevant keywords,7.0,high
somei sa,No Match,error,,2.0,medium
speelberg (de),No Match,not found in KBO data table,No relevant keywords,12.0,high
sport 2000,No Match,ENT LP Stopped,No relevant keywords,10.0,high
st-laureins,No Match,not found in KBO data table,No relevant keywords,22.0,high
star entertainment bvba,No Match,ENT LP Active,,1.0,medium
stassen hoveniersbedrijf,No Match,not found in KBO data table,No relevant keywords,22.0,high
stegmann belgium,No Match,ENT LP Active,No relevant keywords,11.0,high
steurs-dockx,No Match,EU Active,,1.0,medium
stickelmann,No Match,not found in KBO data table,,2.0,medium
stoa [stoa nv],No Match,not found in KBO data table,,2.0,medium
stockel sports,No Match,EU Stopped,stock,13.0,high
stuur zelf bvba,No Match,not found in KBO data table,,2.0,medium
subliem bvba,No Match,ENT LP Stopped,"No relevant keywords, liquidation",20.0,high
suetens filip,No Match,not found in KBO data table,No relevant keywords,22.0,high
sunbeam belgium,No Match,ENT LP Stopped,,5.0,medium
syndicat d'initiative,No Match,error,,2.0,medium
tabor,No Match,not found in KBO data table,,2.0,medium
take off,No Match,not found in KBO data table,No relevant keywords,12.0,high
tanghe gerdy bvba,No Match,error,,2.0,medium
te voet,No Match,not found in KBO data table,,2.0,medium
teknika,No Match,not found in KBO data table,No relevant keywords,7.0,high
thales information systems,No Match,ENT LP Stopped,,5.0,medium
the wine agency sprl,No Match,EU Active,,1.0,medium
theunis/d.,No Match,not found in KBO data table,,2.0,medium
thys f & j,No Match,not found in KBO data table,No relevant keywords,12.0,high
tonnelier,No Match,error,No relevant keywords,7.0,high
torck christof,No Match,not found in KBO data table,No relevant keywords,7.0,high
torfs/wim,No Match,not found in KBO data table,,2.0,medium
toussaint/philippe,No Match,error,,2.0,medium
transluben sprl,No Match,ENT LP Active,,1.0,medium
transport donatien kapeta bvba,No Match,ENT LP Stopped,court,10.0,high
transunie,No Match,ENT LP Stopped,,5.0,medium
trucaroul nv,No Match,not found in KBO data table,,2.0,medium
tui travelcenter [world of tui travelcenter],No Match,not found in KBO data table,,2.0,medium
turi carrelages sprl,No Match,not found in KBO data table,No relevant keywords,7.0,high
twice as nice,No Match,EU Active,,1.0,medium
ubca,No Match,not found in KBO data table,,2.0,medium
universite catholique de louvain,No Match,not found in KBO data table,,2.0,medium
van braband b,No Match,not found in KBO data table,,2.0,medium
van casteren c,No Match,not found in KBO data table,,2.0,medium
van cauter j,No Match,not found in KBO data table,,2.0,medium
van cauwelaert p,No Match,not found in KBO data table,No relevant keywords,12.0,high
van damme/petra,No Match,not found in KBO data table,No relevant keywords,7.0,high
van de peer ludo,No Match,error,No relevant keywords,12.0,high
van de pol,No Match,not found in KBO data table,,2.0,medium
van de velde/s.,No Match,not found in KBO data table,"criminal, No relevant keywords, crime",107.0,prohibited
van de voorde/peter,No Match,not found in KBO data table,,2.0,medium
van den bergh/walter,No Match,not found in KBO data table,,2.0,medium
van den berghe/claude,No Match,not found in KBO data table,No relevant keywords,7.0,high
van den bogaert raf,No Match,EU Active,No relevant keywords,6.0,medium
van den elsen stefaan,No Match,EU Active,No relevant keywords,6.0,medium
van den zegel/roger,No Match,not found in KBO data table,No relevant keywords,7.0,high
van der borght,No Match,not found in KBO data table,,2.0,medium
van garsse interieurs nv,No Match,ENT LP Stopped,,5.0,medium
van gucht/nicole,No Match,not found in KBO data table,No relevant keywords,7.0,high
van hauwaert/wilfried,No Match,not found in KBO data table,,2.0,medium
van overberghe/guy,No Match,not found in KBO data table,No relevant keywords,7.0,high
van roy/bruno,No Match,not found in KBO data table,,2.0,medium
vanderheyden/erik,No Match,not found in KBO data table,,2.0,medium
vanparijs deschrijver vof,No Match,not found in KBO data table,liquidation,12.0,high
vanparijs-deschrijver,No Match,not found in KBO data table,"liquidation, No relevant keywords",17.0,high
vdv parket,No Match,error,,2.0,medium
vebewar bvba,No Match,ENT LP Stopped,"No relevant keywords, liquidation",20.0,high
vekemans tim,No Match,not found in KBO data table,No relevant keywords,7.0,high
verbiest c,No Match,not found in KBO data table,No relevant keywords,12.0,high
verbist/paul,No Match,not found in KBO data table,No relevant keywords,12.0,high
verhoeven g nv,No Match,not found in KBO data table,No relevant keywords,7.0,high
verjo metal bvba,No Match,error,,2.0,medium
vermeiren g,No Match,not found in KBO data table,No relevant keywords,17.0,high
vermeulen/christ,No Match,not found in KBO data table,No relevant keywords,12.0,high
vermoortele/et,No Match,error,No relevant keywords,7.0,high
verstraete philip,No Match,not found in KBO data table,,2.0,medium
verstrynge chris,No Match,not found in KBO data table,No relevant keywords,7.0,high
vervaeke,No Match,not found in KBO data table,No relevant keywords,7.0,high
vesuvius group s.a.,No Match,error,No relevant keywords,7.0,high
veys m,No Match,error,,2.0,medium
vingt-deux-dix,No Match,not found in KBO data table,No relevant keywords,7.0,high
vlaamse judofederatie vzw,No Match,EU Active,,1.0,medium
wallabie bvba,No Match,ENT LP Stopped,"No relevant keywords, liquidation",20.0,high
watelet sprl,No Match,error,,2.0,medium
webkrea,No Match,error,,2.0,medium
wegrio bvba,No Match,ENT LP Stopped,No relevant keywords,10.0,high
will-pharma,No Match,EU Active,,1.0,medium
wysmans,No Match,not found in KBO data table,No relevant keywords,7.0,high
x-sanatec,No Match,ENT LP Active,,1.0,medium
zerun/piotr,No Match,not found in KBO data table,No relevant keywords,17.0,high
